group,order,char,time,pc1,pc2
组01,排01,节,1,69.548515,-9.520148
组01,排01,考,1,64.38684,-16.155212
组01,排01,这,1,74.06405,-16.268242
组01,排02,节,2,-14.83887,-56.1222
组01,排02,这,2,-10.106741,-62.469204
组01,排02,考,2,-6.4354615,-55.437412
组01,排03,考,3,62.492004,-60.377136
组01,排03,节,3,55.47652,-64.18943
组01,排03,这,3,56.074276,-55.69654
组01,排04,考,4,-7.631822,-42.963116
组01,排04,这,4,-12.165579,-36.63377
组01,排04,节,4,-16.004635,-43.50207
组01,排05,这,5,43.70121,-63.45076
组01,排05,节,5,44.3664,-55.08969
组01,排05,考,5,37.302105,-58.76076
组01,排06,这,6,76.55967,-24.804674
组01,排06,考,6,66.66826,-24.770514
组01,排06,节,6,71.34264,-31.404242
组02,排01,报,1,106.72658,-57.3753
组02,排01,兴,1,115.409515,-54.57887
组02,排01,长,1,109.00788,-49.573166
组02,排02,报,2,72.38876,-100.01631
组02,排02,长,2,77.64776,-107.939095
组02,排02,兴,2,77.81269,-92.233955
组02,排03,兴,3,7.152367,63.763985
组02,排03,报,3,12.218402,57.807247
组02,排03,长,3,4.2560277,56.586983
组02,排04,兴,4,87.946266,-105.26627
组02,排04,长,4,88.02671,-95.13627
组02,排04,报,4,81.39326,-100.12703
组02,排05,长,5,5.868525,41.63913
组02,排05,报,5,10.7273245,35.710567
组02,排05,兴,5,13.649574,42.7703
组02,排06,长,6,110.03794,-67.2389
组02,排06,兴,6,118.374275,-64.52868
组02,排06,报,6,116.2633,-72.18679
组03,排01,及,1,-199.07977,-67.320335
组03,排01,以,1,-191.94809,-62.645786
组03,排01,近,1,-190.01004,-70.588326
组03,排02,及,2,-117.08311,-63.857212
组03,排02,近,2,-125.011314,-61.81782
组03,排02,以,2,-121.11945,-54.613934
组03,排03,以,3,-164.85484,-77.33689
组03,排03,及,3,-165.15178,-69.1318
组03,排03,近,3,-157.54944,-71.929565
组03,排04,以,4,-133.6383,-65.523094
组03,排04,近,4,-126.01509,-70.57497
组03,排04,及,4,-132.0694,-56.51432
组03,排05,近,5,-158.93762,-85.68394
组03,排05,及,5,-151.84805,-80.32164
组03,排05,以,5,-151.32852,-88.31024
组03,排06,近,6,-199.87515,-76.517265
组03,排06,以,6,-197.50266,-84.448746
组03,排06,及,6,-190.46043,-79.7212
组04,排01,克,1,34.43433,226.1498
组04,排01,反,1,34.43433,226.1498
组04,排01,就,1,31.206635,217.59479
组04,排02,克,2,-14.235609,208.88544
组04,排02,就,2,-13.261855,217.93057
组04,排02,反,2,-13.261855,217.93057
组04,排03,反,3,3.267041,240.43181
组04,排03,克,3,3.267041,240.43181
组04,排03,就,3,3.267041,240.43181
组04,排04,反,4,-2.1108134,211.88356
组04,排04,就,4,-2.1108134,211.88356
组04,排04,克,4,-2.1108134,211.88356
组04,排05,就,5,14.259561,241.04538
组04,排05,克,5,14.259561,241.04538
组04,排05,反,5,14.259561,241.04538
组04,排06,就,6,45.673172,225.65529
组04,排06,反,6,42.55411,217.06099
组04,排06,克,6,42.55411,217.06099
组05,排01,时,1,28.047184,-179.61392
组05,排01,性,1,28.047184,-179.61392
组05,排01,备,1,32.916264,-187.65236
组05,排02,时,2,-63.710915,-122.098145
组05,排02,备,2,-63.710915,-122.098145
组05,排02,性,2,-63.710915,-122.098145
组05,排03,性,3,-29.635609,-103.7638
组05,排03,时,3,-36.531063,-108.42779
组05,排03,备,3,-29.332874,-111.69038
组05,排04,性,4,-49.082634,-126.68538
组05,排04,备,4,-49.082634,-126.68538
组05,排04,时,4,-53.831093,-133.49527
组05,排05,备,5,-44.525043,-90.56511
组05,排05,时,5,-37.20926,-93.40235
组05,排05,性,5,-43.946514,-98.2368
组05,排06,备,6,28.253384,-169.98828
组05,排06,性,6,39.119823,-180.73755
组05,排06,时,6,36.83559,-172.51767
组06,排01,处,1,-45.15496,-172.6518
组06,排01,爱,1,-45.15496,-172.6518
组06,排01,坐,1,-45.15496,-172.6518
组06,排02,处,2,-18.601078,-147.71739
组06,排02,坐,2,-18.601078,-147.71739
组06,排02,爱,2,-18.601078,-147.71739
组06,排03,爱,3,-23.88683,-190.1638
组06,排03,处,3,-23.88683,-190.1638
组06,排03,坐,3,-23.88683,-190.1638
组06,排04,爱,4,-29.592249,-150.68826
组06,排04,坐,4,-29.592249,-150.68826
组06,排04,处,4,-23.201904,-158.06622
组06,排05,坐,5,-11.673999,-197.37444
组06,排05,处,5,-11.673999,-197.37444
组06,排05,爱,5,-11.673999,-197.37444
组06,排06,坐,6,-54.467865,-166.2075
组06,排06,爱,6,-59.966633,-172.25217
组06,排06,处,6,-54.67446,-178.5233
组07,排01,期,1,-20.953388,-5.6205964
组07,排01,应,1,-29.367002,-4.2288795
组07,排01,表,1,-29.367002,-4.2288795
组07,排02,期,2,110.3648,49.084255
组07,排02,表,2,110.3648,49.084255
组07,排02,应,2,117.14372,55.244164
组07,排03,应,3,201.91525,4.2718396
组07,排03,期,3,201.91525,4.2718396
组07,排03,表,3,201.91525,4.2718396
组07,排04,应,4,121.962715,38.518364
组07,排04,表,4,113.60928,39.484074
组07,排04,期,4,121.44159,46.66828
组07,排05,表,5,198.79343,-6.6018534
组07,排05,期,5,198.79343,-6.6018534
组07,排05,应,5,198.79343,-6.6018534
组07,排06,表,6,-33.79935,-16.033825
组07,排06,应,6,-25.38841,-17.200554
组07,排06,期,6,-25.38841,-17.200554
组08,排01,者,1,75.20937,29.00309
组08,排01,年,1,84.04864,29.495113
组08,排01,候,1,86.9191,37.878036
组08,排02,者,2,-17.847034,21.764944
组08,排02,候,2,-23.152739,27.226294
组08,排02,年,2,-15.68235,29.148438
组08,排03,年,3,162.86125,-57.649033
组08,排03,者,3,162.86125,-57.649033
组08,排03,候,3,165.89978,-49.599728
组08,排04,年,4,7.3628554,12.804793
组08,排04,候,4,-0.17438841,14.36394
组08,排04,者,4,-0.17438841,14.36394
组08,排05,候,5,176.29297,-58.097015
组08,排05,者,5,176.29297,-58.097015
组08,排05,年,5,176.29297,-58.097015
组08,排06,候,6,78.6533,45.412037
组08,排06,年,6,70.56541,39.709778
组08,排06,者,6,78.180786,37.254623
组09,排01,海,1,-118.69612,-9.395764
组09,排01,叫,1,-118.69612,-9.395764
组09,排01,该,1,-118.69612,-9.395764
组09,排02,海,2,-136.46352,38.23451
组09,排02,该,2,-131.9776,30.582945
组09,排02,叫,2,-136.26529,23.237637
组09,排03,叫,3,-128.20955,-148.25215
组09,排03,海,3,-128.20955,-148.25215
组09,排03,该,3,-135.35129,-154.63556
组09,排04,叫,4,-143.46735,31.588573
组09,排04,该,4,-145.53374,22.419651
组09,排04,海,4,-143.46735,31.588573
组09,排05,该,5,-121.79565,-156.15727
组09,排05,海,5,-121.79565,-156.15727
组09,排05,叫,5,-129.64175,-161.6516
组09,排06,该,6,-113.295616,0.035726935
组09,排06,叫,6,-107.892586,-8.601457
组09,排06,海,6,-107.892586,-8.601457
组10,排01,务,1,51.691338,89.01644
组10,排01,做,1,42.850895,89.11343
组10,排01,与,1,51.691338,89.01644
组10,排02,务,2,86.00435,94.388176
组10,排02,与,2,82.94021,103.363914
组10,排02,做,2,82.94021,103.363914
组10,排03,做,3,26.031733,91.081795
组10,排03,务,3,18.88092,95.25422
组10,排03,与,3,27.728838,99.15456
组10,排04,做,4,93.398796,100.04749
组10,排04,与,4,84.5545,112.837326
组10,排04,务,4,92.69217,108.7127
组10,排05,与,5,18.327303,106.076584
组10,排05,务,5,18.327303,106.076584
组10,排05,做,5,26.641743,109.471054
组10,排06,与,6,45.66104,99.214325
组10,排06,做,6,50.116474,106.29143
组10,排06,务,6,55.341175,99.34944
组11,排01,您,1,-158.10329,-13.648912
组11,排01,活,1,-158.10329,-13.648912
组11,排01,面,1,-158.10329,-13.648912
组11,排02,您,2,-192.90291,18.746052
组11,排02,面,2,-192.90291,18.746052
组11,排02,活,2,-192.90291,18.746052
组11,排03,活,3,-104.70317,-100.72862
组11,排03,您,3,-104.70317,-100.72862
组11,排03,面,3,-104.70317,-100.72862
组11,排04,活,4,-195.23503,8.079602
组11,排04,面,4,-195.23503,8.079602
组11,排04,您,4,-195.23503,8.079602
组11,排05,面,5,-94.793495,-106.46425
组11,排05,您,5,-94.793495,-106.46425
组11,排05,活,5,-94.793495,-106.46425
组11,排06,面,6,-165.2961,-22.41402
组11,排06,活,6,-155.67903,-24.730635
组11,排06,您,6,-155.67903,-24.730635
组12,排01,言,1,-108.14113,128.5892
组12,排01,复,1,-108.14113,128.5892
组12,排01,友,1,-108.14113,128.5892
组12,排02,言,2,-121.89943,186.4674
组12,排02,友,2,-121.89943,186.4674
组12,排02,复,2,-121.89943,186.4674
组12,排03,复,3,-139.33165,142.96213
组12,排03,言,3,-139.33165,142.96213
组12,排03,友,3,-132.99507,150.96585
组12,排04,复,4,-132.94601,186.17429
组12,排04,友,4,-132.94601,186.17429
组12,排04,言,4,-132.94601,186.17429
组12,排05,友,5,-143.71382,152.97832
组12,排05,言,5,-143.71382,152.97832
组12,排05,复,5,-143.71382,152.97832
组12,排06,友,6,-118.961914,130.13028
组12,排06,复,6,-113.02324,138.42358
组12,排06,言,6,-113.02324,138.42358
组13,排01,哪,1,-79.628174,25.115463
组13,排01,认,1,-85.685776,30.240149
组13,排01,行,1,-85.685776,30.240149
组13,排02,哪,2,158.45302,-88.021255
组13,排02,行,2,153.2835,-94.83184
组13,排02,认,2,153.2835,-94.83184
组13,排03,认,3,124.44149,-133.04155
组13,排03,哪,3,124.44149,-133.04155
组13,排03,行,3,130.17375,-140.98969
组13,排04,认,4,166.20201,-99.134
组13,排04,行,4,166.20201,-99.134
组13,排04,哪,4,166.20201,-99.134
组13,排05,行,5,135.47723,-131.12398
组13,排05,哪,5,135.47723,-131.12398
组13,排05,认,5,135.47723,-131.12398
组13,排06,行,6,-67.58275,45.311844
组13,排06,认,6,-69.3672,37.95828
组13,排06,哪,6,-75.03416,43.502903
组14,排01,它,1,42.653225,32.074528
组14,排01,取,1,42.653225,32.074528
组14,排01,无,1,35.803913,27.974771
组14,排02,它,2,56.653816,153.37254
组14,排02,无,2,56.653816,153.37254
组14,排02,取,2,56.653816,153.37254
组14,排03,取,3,23.182516,-20.606276
组14,排03,它,3,23.799835,-12.705995
组14,排03,无,3,30.845827,-16.374872
组14,排04,取,4,57.803974,163.8625
组14,排04,无,4,48.93115,162.26099
组14,排04,它,4,46.07041,153.751
组14,排05,无,5,34.790768,-28.305103
组14,排05,它,5,34.790768,-28.305103
组14,排05,取,5,27.363562,-31.877611
组14,排06,无,6,41.37618,14.695745
组14,排06,取,6,47.535828,10.069729
组14,排06,它,6,48.790688,17.641855
组15,排01,边,1,-71.88524,97.80256
组15,排01,风,1,-71.88524,97.80256
组15,排01,要,1,-71.88524,97.80256
组15,排02,边,2,-19.74492,156.77472
组15,排02,要,2,-19.74492,156.77472
组15,排02,风,2,-19.74492,156.77472
组15,排03,风,3,-63.57417,71.43948
组15,排03,边,3,-71.89679,70.90418
组15,排03,要,3,-69.23484,78.56902
组15,排04,风,4,-8.955279,155.71844
组15,排04,要,4,-8.955279,155.71844
组15,排04,边,4,-8.955279,155.71844
组15,排05,要,5,-60.30802,83.21945
组15,排05,边,5,-52.14577,84.54694
组15,排05,风,5,-54.637745,76.51444
组15,排06,要,6,-67.65051,108.426575
组15,排06,风,6,-60.43477,99.40723
组15,排06,边,6,-59.10837,107.664894
组16,排01,交,1,-17.099632,109.29553
组16,排01,息,1,-17.099632,109.29553
组16,排01,包,1,-17.099632,109.29553
组16,排02,交,2,-155.10889,87.67402
组16,排02,包,2,-155.10889,87.67402
组16,排02,息,2,-155.10889,87.67402
组16,排03,息,3,-56.7081,166.92479
组16,排03,交,3,-56.7081,166.92479
组16,排03,包,3,-56.7081,166.92479
组16,排04,息,4,-164.8851,81.72087
组16,排04,包,4,-164.8851,81.72087
组16,排04,交,4,-164.8851,81.72087
组16,排05,包,5,-55.405613,177.97281
组16,排05,交,5,-55.405613,177.97281
组16,排05,息,5,-55.405613,177.97281
组16,排06,包,6,-27.26795,104.43154
组16,排06,息,6,-27.428705,114.066696
组16,排06,交,6,-27.428705,114.066696
组17,排01,指,1,-47.32727,-41.583824
组17,排01,达,1,-55.264645,-39.846478
组17,排01,也,1,-55.264645,-39.846478
组17,排02,指,2,43.152084,-135.90617
组17,排02,也,2,43.152084,-135.90617
组17,排02,达,2,43.152084,-135.90617
组17,排03,达,3,-68.96003,-48.618954
组17,排03,指,3,-76.42418,-52.529686
组17,排03,也,3,-68.96003,-48.618954
组17,排04,达,4,51.55026,-142.55803
组17,排04,也,4,53.267303,-132.43459
组17,排04,指,4,51.55026,-142.55803
组17,排05,也,5,-62.591347,-63.301094
组17,排05,指,5,-62.591347,-63.301094
组17,排05,达,5,-70.85288,-65.41884
组17,排06,也,6,-46.021137,-64.18975
组17,排06,达,6,-48.97259,-56.618065
组17,排06,指,6,-40.94897,-57.60665
组18,排01,收,1,-28.173653,56.003387
组18,排01,深,1,-30.865273,63.74274
组18,排01,她,1,-38.68451,60.32507
组18,排02,收,2,85.18319,-176.70053
组18,排02,她,2,85.18319,-176.70053
组18,排02,深,2,85.18319,-176.70053
组18,排03,深,3,30.644016,-102.382805
组18,排03,收,3,30.644016,-102.382805
组18,排03,她,3,22.3583,-105.7783
组18,排04,深,4,95.76849,-174.5327
组18,排04,她,4,83.84659,-165.97281
组18,排04,收,4,92.462135,-166.53444
组18,排05,她,5,25.190891,-91.905716
组18,排05,收,5,17.583797,-96.22045
组18,排05,深,5,25.190891,-91.905716
组18,排06,她,6,-29.564463,47.033707
组18,排06,深,6,-38.02252,50.64201
组18,排06,收,6,-38.02252,50.64201
组19,排01,力,1,181.462,58.58344
组19,排01,英,1,181.462,58.58344
组19,排01,斯,1,181.462,58.58344
组19,排02,力,2,192.0002,76.067924
组19,排02,斯,2,192.0002,76.067924
组19,排02,英,2,192.0002,76.067924
组19,排03,英,3,173.49626,96.43301
组19,排03,力,3,173.49626,96.43301
组19,排03,斯,3,173.49626,96.43301
组19,排04,英,4,188.72945,86.35377
组19,排04,斯,4,181.25067,78.89205
组19,排04,力,4,181.25067,78.89205
组19,排05,斯,5,157.06068,95.69471
组19,排05,力,5,157.06068,95.69471
组19,排05,英,5,157.06068,95.69471
组19,排06,斯,6,165.50856,50.730385
组19,排06,英,6,163.0738,58.43183
组19,排06,力,6,163.0738,58.43183
组20,排01,每,1,131.63983,-6.768118
组20,排01,为,1,131.63983,-6.768118
组20,排01,让,1,131.63983,-6.768118
组20,排02,每,2,-56.028915,5.998233
组20,排02,让,2,-56.028915,5.998233
组20,排02,为,2,-56.028915,5.998233
组20,排03,为,3,105.7184,8.326897
组20,排03,每,3,105.7184,8.326897
组20,排03,让,3,105.7184,8.326897
组20,排04,为,4,-62.970894,-2.235598
组20,排04,让,4,-62.970894,-2.235598
组20,排04,每,4,-62.970894,-2.235598
组20,排05,让,5,91.50808,2.7813098
组20,排05,每,5,96.473015,-3.8570063
组20,排05,为,5,96.473015,-3.8570063
组20,排06,让,6,134.17715,-20.133701
组20,排06,为,6,141.87187,-15.694386
组20,排06,每,6,141.32872,-23.660286
